rain-1,temp-1,minQ-1,maxQ-1,medianQ-1,i6-1,i30-1,U-1,CMD-1,year-1,month-1,day-1,flag-1,???-1,rain,temp,minQ,maxQ,medianQ,i6,i30,U,CMD,Year,Month,day,flag,???,Sub-catchment,Site,Date,Temperature (Degrees C),pH (units),Electrical Conductivity (µS/cm),Turbidity (NTU),Dissolved Oxygen (mg/L),Dissolved Oxygen (% Saturation),Total Nitrogen (mg/L),Ammonia (mg/L),Nitrite (mg/L),Nitrate (mg/L), Oxidised Nitrogen (mg/L as N),Available Nitrogen (mg/L),Total Phosphorus (mg/L),Orthophosphate (mg/L),Available Phosphorus (mg/L),E. coli (CFU/100mL),Total Dissolved Solids (mg/L),Suspended Solids (mg/L),Total Organic Carbon (mg/L),Chlorophyll a (ug/L),Feacal Coli - Presumptive (CFU/100mL),Feacal Coli - Confirmed (CFU/100mL),Biological Oxygen Demand (mg/L),Chloride (mg/L),Sulphate (mg/L),True Colour (Pt-Co),Alkalinity - Bicarb (mg/L),Alkalinity - Carb (mg/L),Alkalinity - Hydrox (mg/L),Alkalinity - Total (mg/L),Bromide (mg/L),Calcium Hardness (mg/L),Chlorine Residual - Combined (mg/L),Chlorine Residual - Free (mg/L),Chlorine Residual - Total (mg/L),Dissolved Organic Carbon (mg/L),Estimated River Flow (m3 s),Fluoride (mg/L),Gauged Effluent Flow (L/s),Gauge Height (m),Instantaneous Gauge Flow (m3 s),Total Kjeldahl Nitrogen (mg/L as N),Total Hardness (mg/L),Flow Percentile (%),Tributyl Tin (ngSn/L),UV Abs 1cm @ 254 (abs/cm),Apparent Colour (Pt-Co),Glyphosate (mg/L),Metsulfuran methyl (µg/L),C10 - C14 Fraction (µg/L),C10 - C36 Fraction (sum - µg/L),C15 - C28 Fraction (µg/L),C29 - C36 Fraction (µg/L),C6 - C9 Fraction (µg/L),>C10 - C16 Fraction (µg/L),>C10 - C16 Fraction minus Naphthalene (F2 - µg/L),>C10 - C40 Fraction (sum - µg/L),>C16 - C34 Fraction (µg/L),>C34 - C40 Fraction (µg/L),C6 - C10 Fraction (µg/L),C6 - C10 Fraction  minus BTEX (F1 - µg/L),Thermotolerant Faecal Coliforms - Confirmed (CFU/100mL),Thermotolerant Faecal Coliforms - Presumptive (CFU/100mL),Enterococci - Confirmed (CFU/100mL),Enterococci - Presumptive (CFU/100mL),-9999,-9999,-9999
   0.4,  23.4,      -1.000,      -1.000,      -1.000,   0.80,   0.40,   0.01, 252.16,2007, 3,18,   1,75682,   1.4,  19.7,       0.051,       6.848,       0.625,   0.00,   0.00,   0.05, 251.86,2007, 3,19, 136,75683,Yarralumla Creek,YAR400,19 03 2007,19,7.6,50,30,-9999,-9999,-9999,-9999,-9999,-9999,-9999,-9999,-9999,-9999,-9999,-9999,-9999,-9999,-9999,-9999,-9999,-9999,-9999,-9999,-9999,-9999,-9999,-9999,-9999,-9999,-9999,-9999,-9999,-9999,-9999,-9999,-9999,-9999,-9999,-9999,-9999,-9999,-9999,-9999,-9999,-9999,-9999,-9999,-9999,-9999,-9999,-9999,-9999,-9999,-9999,-9999,-9999,-9999,-9999,-9999,-9999,-9999,-9999,-9999,-9999,-9999,-9999,-9999
   0.0,  23.5,      -1.000,      -1.000,      -1.000,   0.00,   0.00,   0.00, 274.49,2007, 4,21,   0,75716,   0.0,  21.5,      -1.000,      -1.000,      -1.000,   0.00,   0.00,   0.00, 275.35,2007, 4,22,   0,75717,Yarralumla Creek,YAR400,22 04 2007,18,8.7,450,10,-9999,-9999,-9999,-9999,-9999,-9999,-9999,-9999,-9999,-9999,-9999,-9999,-9999,-9999,-9999,-9999,-9999,-9999,-9999,-9999,-9999,-9999,-9999,-9999,-9999,-9999,-9999,-9999,-9999,-9999,-9999,-9999,-9999,-9999,-9999,-9999,-9999,-9999,-9999,-9999,-9999,-9999,-9999,-9999,-9999,-9999,-9999,-9999,-9999,-9999,-9999,-9999,-9999,-9999,-9999,-9999,-9999,-9999,-9999,-9999,-9999,-9999,-9999,-9999
   4.0,  15.5,      -1.000,      -1.000,      -1.000,   5.60,   4.20,   0.15, 247.22,2007, 5,19,   1,75744,   0.0,  15.4,      -1.000,      -1.000,      -1.000,   0.10,   0.00,   0.00, 248.08,2007, 5,20,   1,75745,Yarralumla Creek,YAR400,20 05 2007,12,8,490,10,-9999,-9999,-9999,-9999,-9999,-9999,-9999,-9999,-9999,-9999,-9999,-9999,-9999,-9999,-9999,-9999,-9999,-9999,-9999,-9999,-9999,-9999,-9999,-9999,-9999,-9999,-9999,-9999,-9999,-9999,-9999,-9999,-9999,-9999,-9999,-9999,-9999,-9999,-9999,-9999,-9999,-9999,-9999,-9999,-9999,-9999,-9999,-9999,-9999,-9999,-9999,-9999,-9999,-9999,-9999,-9999,-9999,-9999,-9999,-9999,-9999,-9999,-9999,-9999
   5.4,   9.5,       0.028,       3.681,       2.026,   6.30,   3.30,   0.21, 243.21,2007, 6,15, 100,75771,   8.2,  12.9,      -1.000,      -1.000,      -1.000,   5.90,   4.50,   0.33, 236.18,2007, 6,16,   1,75772,Yarralumla Creek,YAR400,16 06 2007,9.5,7.8,400,15,-9999,-9999,-9999,-9999,-9999,-9999,-9999,-9999,-9999,-9999,-9999,-9999,-9999,-9999,-9999,-9999,-9999,-9999,-9999,-9999,-9999,-9999,-9999,-9999,-9999,-9999,-9999,-9999,-9999,-9999,-9999,-9999,-9999,-9999,-9999,-9999,-9999,-9999,-9999,-9999,-9999,-9999,-9999,-9999,-9999,-9999,-9999,-9999,-9999,-9999,-9999,-9999,-9999,-9999,-9999,-9999,-9999,-9999,-9999,-9999,-9999,-9999,-9999,-9999
   0.0,   8.5,      -1.000,      -1.000,      -1.000,   0.10,   0.00,   0.00, 186.68,2007, 7,14,   1,75800,   0.0,   9.3,      -1.000,      -1.000,      -1.000,   0.10,   0.00,   0.00, 187.79,2007, 7,15,   1,75801,Yarralumla Creek,YAR400,15 07 2007,5.5,8.3,570,10,-9999,-9999,-9999,-9999,-9999,-9999,-9999,-9999,-9999,-9999,-9999,-9999,-9999,-9999,-9999,-9999,-9999,-9999,-9999,-9999,-9999,-9999,-9999,-9999,-9999,-9999,-9999,-9999,-9999,-9999,-9999,-9999,-9999,-9999,-9999,-9999,-9999,-9999,-9999,-9999,-9999,-9999,-9999,-9999,-9999,-9999,-9999,-9999,-9999,-9999,-9999,-9999,-9999,-9999,-9999,-9999,-9999,-9999,-9999,-9999,-9999,-9999,-9999,-9999
   0.0,  17.5,      -1.000,      -1.000,      -1.000,   0.10,   0.00,   0.00, 238.58,2007, 9,16,   0,75864,   3.4,  14.4,      -1.000,      -1.000,      -1.000,   9.80,   6.00,   0.14, 236.25,2007, 9,17,   1,75865,Yarralumla Creek,YAR400,17 09 2007,12.5,7.8,140,40,-9999,-9999,-9999,-9999,-9999,-9999,-9999,-9999,-9999,-9999,-9999,-9999,-9999,-9999,-9999,-9999,-9999,-9999,-9999,-9999,-9999,-9999,-9999,-9999,-9999,-9999,-9999,-9999,-9999,-9999,-9999,-9999,-9999,-9999,-9999,-9999,-9999,-9999,-9999,-9999,-9999,-9999,-9999,-9999,-9999,-9999,-9999,-9999,-9999,-9999,-9999,-9999,-9999,-9999,-9999,-9999,-9999,-9999,-9999,-9999,-9999,-9999,-9999,-9999
   0.0,  30.4,      -1.000,      -1.000,      -1.000,   0.00,   0.00,   0.00, 272.23,2007,10,22,   0,75900,   0.0,  26.6,      -1.000,      -1.000,      -1.000,   0.00,   0.00,   0.00, 273.31,2007,10,23,   1,75901,Yarralumla Creek,MOL418,23 10 2007,-9999,-9999,690,-9999,-9999,-9999,-9999,-9999,-9999,-9999,-9999,-9999,-9999,-9999,-9999,-9999,-9999,-9999,-9999,-9999,-9999,-9999,-9999,-9999,-9999,-9999,-9999,-9999,-9999,-9999,-9999,-9999,-9999,-9999,-9999,-9999,-9999,-9999,-9999,-9999,-9999,-9999,-9999,-9999,-9999,-9999,-9999,-9999,-9999,-9999,-9999,-9999,-9999,-9999,-9999,-9999,-9999,-9999,-9999,-9999,-9999,-9999,-9999,-9999,-9999,-9999,-9999,-9999
   1.2,  30.0,       0.040,       0.179,       0.084,   4.50,   2.00,   0.05, 228.35,2007,11,18,   5,75927,   0.6,  32.3,      -1.000,      -1.000,      -1.000,   4.10,   0.80,   0.03, 230.07,2007,11,19,   1,75928,Yarralumla Creek,YAR400,19 11 2007,27,8.6,470,10,-9999,-9999,-9999,-9999,-9999,-9999,-9999,-9999,-9999,-9999,-9999,-9999,-9999,-9999,-9999,-9999,-9999,-9999,-9999,-9999,-9999,-9999,-9999,-9999,-9999,-9999,-9999,-9999,-9999,-9999,-9999,-9999,-9999,-9999,-9999,-9999,-9999,-9999,-9999,-9999,-9999,-9999,-9999,-9999,-9999,-9999,-9999,-9999,-9999,-9999,-9999,-9999,-9999,-9999,-9999,-9999,-9999,-9999,-9999,-9999,-9999,-9999,-9999,-9999
   0.4,  19.4,       0.083,      20.317,       3.500,   0.00,   0.00,   0.02, 235.51,2007,11,22, 110,75931,  25.8,  18.5,      -1.000,      -1.000,      -1.000,  32.10,  19.40,   1.14, 212.48,2007,11,23,   1,75932,Yarralumla Creek,MOL418,23 11 2007,-9999,-9999,320,-9999,-9999,-9999,-9999,-9999,-9999,-9999,-9999,-9999,-9999,-9999,-9999,-9999,-9999,-9999,-9999,-9999,-9999,-9999,-9999,-9999,-9999,-9999,-9999,-9999,-9999,-9999,-9999,-9999,-9999,-9999,-9999,-9999,-9999,-9999,-9999,-9999,-9999,-9999,-9999,-9999,-9999,-9999,-9999,-9999,-9999,-9999,-9999,-9999,-9999,-9999,-9999,-9999,-9999,-9999,-9999,-9999,-9999,-9999,-9999,-9999,-9999,-9999,-9999,-9999
   5.4,  21.1,       0.072,       6.208,       2.667,   7.00,   3.50,   0.24, 219.38,2007,12,16, 161,75955,   1.4,  21.7,      -1.000,      -1.000,      -1.000,   7.10,   1.70,   0.06, 219.79,2007,12,17,   0,75956,Yarralumla Creek,YAR400,17 12 2007,22.5,8.3,370,30,-9999,-9999,-9999,-9999,-9999,-9999,-9999,-9999,-9999,-9999,-9999,-9999,-9999,-9999,-9999,-9999,-9999,-9999,-9999,-9999,-9999,-9999,-9999,-9999,-9999,-9999,-9999,-9999,-9999,-9999,-9999,-9999,-9999,-9999,-9999,-9999,-9999,-9999,-9999,-9999,-9999,-9999,-9999,-9999,-9999,-9999,-9999,-9999,-9999,-9999,-9999,-9999,-9999,-9999,-9999,-9999,-9999,-9999,-9999,-9999,-9999,-9999,-9999,-9999
   0.0,  34.7,      -1.000,      -1.000,      -1.000,   0.00,   0.00,   0.00, 241.47,2008, 3,11,   0,76041,   0.2,  31.7,      -1.000,      -1.000,      -1.000,   0.10,   0.00,   0.01, 243.18,2008, 3,12,   1,76042,Yarralumla Creek,YAR400,12 03 2008,22.5,7.8,230,10,-9999,-9999,-9999,-9999,-9999,-9999,-9999,-9999,-9999,-9999,-9999,-9999,-9999,-9999,-9999,-9999,-9999,-9999,-9999,-9999,-9999,-9999,-9999,-9999,-9999,-9999,-9999,-9999,-9999,-9999,-9999,-9999,-9999,-9999,-9999,-9999,-9999,-9999,-9999,-9999,-9999,-9999,-9999,-9999,-9999,-9999,-9999,-9999,-9999,-9999,-9999,-9999,-9999,-9999,-9999,-9999,-9999,-9999,-9999,-9999,-9999,-9999,-9999,-9999
   0.0,  32.3,      -1.000,      -1.000,      -1.000,   0.00,   0.00,   0.00, 250.79,2008, 3,16,   1,76046,   0.0,  30.2,      -1.000,      -1.000,      -1.000,   0.00,   0.00,   0.00, 252.40,2008, 3,17,   1,76047,Yarralumla Creek,MOL418,17 03 2008,-9999,-9999,710,-9999,-9999,-9999,-9999,-9999,-9999,-9999,-9999,-9999,-9999,-9999,-9999,-9999,-9999,-9999,-9999,-9999,-9999,-9999,-9999,-9999,-9999,-9999,-9999,-9999,-9999,-9999,-9999,-9999,-9999,-9999,-9999,-9999,-9999,-9999,-9999,-9999,-9999,-9999,-9999,-9999,-9999,-9999,-9999,-9999,-9999,-9999,-9999,-9999,-9999,-9999,-9999,-9999,-9999,-9999,-9999,-9999,-9999,-9999,-9999,-9999,-9999,-9999,-9999,-9999
   0.0,  21.0,      -1.000,      -1.000,      -1.000,   0.00,   0.00,   0.00, 252.70,2008, 4,17,   0,76078,   0.0,  19.7,      -1.000,      -1.000,      -1.000,   0.00,   0.00,   0.00, 253.73,2008, 4,18,   0,76079,Yarralumla Creek,YAR400,18 04 2008,16,7.7,540,15,-9999,-9999,-9999,-9999,-9999,-9999,-9999,-9999,-9999,-9999,-9999,-9999,-9999,-9999,-9999,-9999,-9999,-9999,-9999,-9999,-9999,-9999,-9999,-9999,-9999,-9999,-9999,-9999,-9999,-9999,-9999,-9999,-9999,-9999,-9999,-9999,-9999,-9999,-9999,-9999,-9999,-9999,-9999,-9999,-9999,-9999,-9999,-9999,-9999,-9999,-9999,-9999,-9999,-9999,-9999,-9999,-9999,-9999,-9999,-9999,-9999,-9999,-9999,-9999
   1.8,  16.0,       0.066,       0.661,       0.395,   0.40,   0.20,   0.06, 268.38,2008, 5,16,  28,76107,   1.0,  12.3,      -1.000,      -1.000,      -1.000,   8.10,   1.60,   0.03, 267.94,2008, 5,17,   1,76108,Yarralumla Creek,YAR400,17 05 2008,9.5,8.4,130,20,-9999,-9999,-9999,-9999,-9999,-9999,-9999,-9999,-9999,-9999,-9999,-9999,-9999,-9999,-9999,-9999,-9999,-9999,-9999,-9999,-9999,-9999,-9999,-9999,-9999,-9999,-9999,-9999,-9999,-9999,-9999,-9999,-9999,-9999,-9999,-9999,-9999,-9999,-9999,-9999,-9999,-9999,-9999,-9999,-9999,-9999,-9999,-9999,-9999,-9999,-9999,-9999,-9999,-9999,-9999,-9999,-9999,-9999,-9999,-9999,-9999,-9999,-9999,-9999
   0.8,  14.1,      -1.000,      -1.000,      -1.000,   2.10,   0.40,   0.03, 267.78,2008, 5,18,   1,76109,   0.0,  18.1,      -1.000,      -1.000,      -1.000,   0.00,   0.00,   0.00, 268.56,2008, 5,19,   1,76110,Yarralumla Creek,MOL418,19 05 2008,-9999,-9999,1300,-9999,-9999,-9999,-9999,-9999,-9999,-9999,-9999,-9999,-9999,-9999,-9999,-9999,-9999,-9999,-9999,-9999,-9999,-9999,-9999,-9999,-9999,-9999,-9999,-9999,-9999,-9999,-9999,-9999,-9999,-9999,-9999,-9999,-9999,-9999,-9999,-9999,-9999,-9999,-9999,-9999,-9999,-9999,-9999,-9999,-9999,-9999,-9999,-9999,-9999,-9999,-9999,-9999,-9999,-9999,-9999,-9999,-9999,-9999,-9999,-9999,-9999,-9999,-9999,-9999
   0.0,  15.9,      -1.000,      -1.000,      -1.000,   0.00,   0.00,   0.00, 265.32,2008, 6,19,   1,76141,   4.8,  11.7,       0.077,       0.161,       0.096,   3.20,   1.70,   0.16, 261.23,2008, 6,20,   6,76142,Yarralumla Creek,YAR400,20 06 2008,11.5,7.2,80,15,-9999,-9999,-9999,-9999,-9999,-9999,-9999,-9999,-9999,-9999,-9999,-9999,-9999,-9999,-9999,-9999,-9999,-9999,-9999,-9999,-9999,-9999,-9999,-9999,-9999,-9999,-9999,-9999,-9999,-9999,-9999,-9999,-9999,-9999,-9999,-9999,-9999,-9999,-9999,-9999,-9999,-9999,-9999,-9999,-9999,-9999,-9999,-9999,-9999,-9999,-9999,-9999,-9999,-9999,-9999,-9999,-9999,-9999,-9999,-9999,-9999,-9999,-9999,-9999
   1.2,  11.6,      -1.000,      -1.000,      -1.000,   1.10,   0.60,   0.04, 255.55,2008, 7,19,   1,76171,   0.2,  11.0,       0.042,       6.780,       3.453,   0.00,   0.00,   0.01, 255.91,2008, 7,20,  61,76172,Yarralumla Creek,YAR400,20 07 2008,7.5,8.5,520,5,-9999,-9999,-9999,-9999,-9999,-9999,-9999,-9999,-9999,-9999,-9999,-9999,-9999,-9999,-9999,-9999,-9999,-9999,-9999,-9999,-9999,-9999,-9999,-9999,-9999,-9999,-9999,-9999,-9999,-9999,-9999,-9999,-9999,-9999,-9999,-9999,-9999,-9999,-9999,-9999,-9999,-9999,-9999,-9999,-9999,-9999,-9999,-9999,-9999,-9999,-9999,-9999,-9999,-9999,-9999,-9999,-9999,-9999,-9999,-9999,-9999,-9999,-9999,-9999
   1.4,  10.7,      -1.000,      -1.000,      -1.000,   1.10,   0.60,   0.06, 241.50,2008, 7,28,   1,76180,   0.0,  12.2,      -1.000,      -1.000,      -1.000,   0.00,   0.00,   0.00, 242.23,2008, 7,29,   0,76181,Yarralumla Creek,MOL418,29 07 2008,-9999,-9999,2500,-9999,-9999,-9999,-9999,-9999,-9999,-9999,-9999,-9999,-9999,-9999,-9999,-9999,-9999,-9999,-9999,-9999,-9999,-9999,-9999,-9999,-9999,-9999,-9999,-9999,-9999,-9999,-9999,-9999,-9999,-9999,-9999,-9999,-9999,-9999,-9999,-9999,-9999,-9999,-9999,-9999,-9999,-9999,-9999,-9999,-9999,-9999,-9999,-9999,-9999,-9999,-9999,-9999,-9999,-9999,-9999,-9999,-9999,-9999,-9999,-9999,-9999,-9999,-9999,-9999
   0.0,  14.7,      -1.000,      -1.000,      -1.000,   0.00,   0.00,   0.00, 241.29,2008, 8,15,   1,76198,   0.0,  14.2,      -1.000,      -1.000,      -1.000,   0.00,   0.00,   0.00, 242.15,2008, 8,16,   1,76199,Yarralumla Creek,YAR400,16 08 2008,10,8.8,710,5,-9999,-9999,-9999,-9999,-9999,-9999,-9999,-9999,0.025,0.077,-9999,-9999,-9999,-9999,-9999,-9999,-9999,-9999,-9999,-9999,-9999,-9999,-9999,-9999,-9999,-9999,-9999,-9999,-9999,-9999,-9999,-9999,-9999,-9999,-9999,-9999,-9999,-9999,-9999,-9999,-9999,-9999,-9999,-9999,-9999,-9999,-9999,-9999,-9999,-9999,-9999,-9999,-9999,-9999,-9999,-9999,-9999,-9999,-9999,-9999,-9999,-9999,-9999,-9999
   0.0,  23.6,       0.046,       0.065,       0.056,   0.00,   0.00,   0.00, 246.96,2008, 9,20,   2,76234,   0.0,  19.6,      -1.000,      -1.000,      -1.000,   0.00,   0.00,   0.00, 248.06,2008, 9,21,   1,76235,Yarralumla Creek,YAR400,21 09 2008,15,8.8,690,5,-9999,-9999,-9999,-9999,-9999,-9999,-9999,-9999,0.025,0.077,-9999,-9999,-9999,-9999,-9999,-9999,-9999,-9999,-9999,-9999,-9999,-9999,-9999,-9999,-9999,-9999,-9999,-9999,-9999,-9999,-9999,-9999,-9999,-9999,-9999,-9999,-9999,-9999,-9999,-9999,-9999,-9999,-9999,-9999,-9999,-9999,-9999,-9999,-9999,-9999,-9999,-9999,-9999,-9999,-9999,-9999,-9999,-9999,-9999,-9999,-9999,-9999,-9999,-9999
   0.0,  19.1,       0.035,       0.067,       0.058,  -1.00,  -0.20,   0.00, 243.49,2008, 9,29,   4,76243,   0.0,  17.3,      -1.000,      -1.000,      -1.000,  -1.00,  -0.20,   0.00, 244.50,2008, 9,30,   1,76244,Yarralumla Creek,MOL418,30 09 2008,-9999,-9999,590,-9999,-9999,-9999,-9999,-9999,-9999,-9999,-9999,-9999,-9999,-9999,-9999,-9999,-9999,-9999,-9999,-9999,-9999,-9999,-9999,-9999,-9999,-9999,-9999,-9999,-9999,-9999,-9999,-9999,-9999,-9999,-9999,-9999,-9999,-9999,-9999,-9999,-9999,-9999,-9999,-9999,-9999,-9999,-9999,-9999,-9999,-9999,-9999,-9999,-9999,-9999,-9999,-9999,-9999,-9999,-9999,-9999,-9999,-9999,-9999,-9999,-9999,-9999,-9999,-9999
   0.0,  21.1,      -1.000,      -1.000,      -1.000,   0.00,   0.00,   0.00, 237.27,2008,10,16,   1,76260,   0.0,  24.1,      -1.000,      -1.000,      -1.000,   0.00,   0.00,   0.00, 238.80,2008,10,17,   0,76261,Yarralumla Creek,YAR400,17 10 2008,19,8.5,740,15,-9999,-9999,-9999,-9999,-9999,-9999,-9999,-9999,0.025,0.077,-9999,-9999,-9999,-9999,-9999,-9999,-9999,-9999,-9999,-9999,-9999,-9999,-9999,-9999,-9999,-9999,-9999,-9999,-9999,-9999,-9999,-9999,-9999,-9999,-9999,-9999,-9999,-9999,-9999,-9999,-9999,-9999,-9999,-9999,-9999,-9999,-9999,-9999,-9999,-9999,-9999,-9999,-9999,-9999,-9999,-9999,-9999,-9999,-9999,-9999,-9999,-9999,-9999,-9999
   3.1,  27.6,      -1.000,      -1.000,      -1.000,  16.20,   4.90,   0.11, 253.40,2008,11,15,   1,76290,   0.0,  24.6,      -1.000,      -1.000,      -1.000,   0.10,   0.00,   0.00, 254.67,2008,11,16,   1,76291,Yarralumla Creek,YAR400,16 11 2008,24,8.2,910,40,-9999,-9999,-9999,-9999,-9999,-9999,-9999,-9999,0.05,0.15,-9999,-9999,-9999,-9999,-9999,-9999,-9999,-9999,-9999,-9999,-9999,-9999,-9999,-9999,-9999,-9999,-9999,-9999,-9999,-9999,-9999,-9999,-9999,-9999,-9999,-9999,-9999,-9999,-9999,-9999,-9999,-9999,-9999,-9999,-9999,-9999,-9999,-9999,-9999,-9999,-9999,-9999,-9999,-9999,-9999,-9999,-9999,-9999,-9999,-9999,-9999,-9999,-9999,-9999
   0.0,  24.5,      -1.000,      -1.000,      -1.000,   0.00,   0.00,   0.00, 226.82,2008,12, 4,   1,76309,   0.3,  29.5,       0.047,       0.058,       0.058,   0.10,   0.00,   0.01, 228.66,2008,12, 5,   5,76310,Yarralumla Creek,MOL418,5 12 2008,-9999,-9999,280,-9999,-9999,-9999,-9999,-9999,-9999,-9999,-9999,-9999,-9999,-9999,-9999,-9999,-9999,-9999,-9999,-9999,-9999,-9999,-9999,-9999,-9999,-9999,-9999,-9999,-9999,-9999,-9999,-9999,-9999,-9999,-9999,-9999,-9999,-9999,-9999,-9999,-9999,-9999,-9999,-9999,-9999,-9999,-9999,-9999,-9999,-9999,-9999,-9999,-9999,-9999,-9999,-9999,-9999,-9999,-9999,-9999,-9999,-9999,-9999,-9999,-9999,-9999,-9999,-9999
   0.0,  21.2,      -1.000,      -1.000,      -1.000,   0.00,   0.00,   0.00, 195.73,2008,12,20,   1,76325,   0.0,  24.7,      -1.000,      -1.000,      -1.000,   0.00,   0.00,   0.00, 198.35,2008,12,21,   1,76326,Yarralumla Creek,YAR400,21 12 2008,26,8.1,910,5,-9999,-9999,-9999,-9999,-9999,-9999,-9999,-9999,0.05,0.15,-9999,-9999,-9999,-9999,-9999,-9999,-9999,-9999,-9999,-9999,-9999,-9999,-9999,-9999,-9999,-9999,-9999,-9999,-9999,-9999,-9999,-9999,-9999,-9999,-9999,-9999,-9999,-9999,-9999,-9999,-9999,-9999,-9999,-9999,-9999,-9999,-9999,-9999,-9999,-9999,-9999,-9999,-9999,-9999,-9999,-9999,-9999,-9999,-9999,-9999,-9999,-9999,-9999,-9999
   0.0,  29.3,      -1.000,      -1.000,      -1.000,   0.00,   0.00,   0.00, 230.98,2009, 1,18,   1,76354,   0.0,  33.3,      -1.000,      -1.000,      -1.000,   0.00,   0.00,   0.00, 233.25,2009, 1,19,   1,76355,Yarralumla Creek,YAR400,19 01 2009,26,7.6,760,5,-9999,-9999,-9999,-9999,-9999,-9999,-9999,-9999,0.077,0.025,-9999,-9999,-9999,-9999,-9999,-9999,-9999,-9999,-9999,-9999,-9999,-9999,-9999,-9999,-9999,-9999,-9999,-9999,-9999,-9999,-9999,-9999,-9999,-9999,-9999,-9999,-9999,-9999,-9999,-9999,-9999,-9999,-9999,-9999,-9999,-9999,-9999,-9999,-9999,-9999,-9999,-9999,-9999,-9999,-9999,-9999,-9999,-9999,-9999,-9999,-9999,-9999,-9999,-9999
   0.0,  32.1,       0.049,       0.052,       0.049,  -1.00,  -0.20,   0.00, 211.57,2009, 1,27,   3,76363,   0.0,  35.0,       0.040,       0.054,       0.047,  -1.00,  -0.20,   0.00, 214.62,2009, 1,28,   2,76364,Yarralumla Creek,MOL418,28 01 2009,-9999,-9999,690,-9999,-9999,-9999,-9999,-9999,-9999,-9999,-9999,-9999,-9999,-9999,-9999,-9999,-9999,-9999,-9999,-9999,-9999,-9999,-9999,-9999,-9999,-9999,-9999,-9999,-9999,-9999,-9999,-9999,-9999,-9999,-9999,-9999,-9999,-9999,-9999,-9999,-9999,-9999,-9999,-9999,-9999,-9999,-9999,-9999,-9999,-9999,-9999,-9999,-9999,-9999,-9999,-9999,-9999,-9999,-9999,-9999,-9999,-9999,-9999,-9999,-9999,-9999,-9999,-9999
   0.0,  26.4,      -1.000,      -1.000,      -1.000,   0.00,   0.00,   0.00, 267.71,2009, 3, 3,   0,76398,   0.1,  22.8,      -1.000,      -1.000,      -1.000,   0.00,   0.00,   0.00, 268.60,2009, 3, 4,   1,76399,Yarralumla Creek,YAR400,4 03 2009,24,9.4,520,5,11.3,-9999,-9999,-9999,-9999,-9999,-9999,-9999,0.61,0.02,-9999,-9999,-9999,-9999,-9999,-9999,-9999,-9999,-9999,-9999,-9999,-9999,-9999,-9999,-9999,-9999,-9999,-9999,-9999,-9999,-9999,-9999,-9999,-9999,-9999,-9999,-9999,-9999,-9999,-9999,-9999,-9999,-9999,-9999,-9999,-9999,-9999,-9999,-9999,-9999,-9999,-9999,-9999,-9999,-9999,-9999,-9999,-9999,-9999,-9999,-9999,-9999,-9999,-9999
   0.0,  30.5,      -1.000,      -1.000,      -1.000,   0.00,   0.00,   0.00, 278.38,2009, 3,22,   0,76417,   0.0,  31.2,       0.037,       0.349,       0.195,   0.00,   0.00,   0.00, 279.56,2009, 3,23,   9,76418,Yarralumla Creek,YAR400,23 03 2009,21,7.1,780,10,1,32,-9999,-9999,-9999,-9999,-9999,-9999,0.46,0.15,-9999,-9999,-9999,-9999,-9999,-9999,-9999,-9999,-9999,-9999,-9999,-9999,-9999,-9999,-9999,-9999,-9999,-9999,-9999,-9999,-9999,-9999,-9999,-9999,-9999,-9999,-9999,-9999,-9999,-9999,-9999,-9999,-9999,-9999,-9999,-9999,-9999,-9999,-9999,-9999,-9999,-9999,-9999,-9999,-9999,-9999,-9999,-9999,-9999,-9999,-9999,-9999,-9999,-9999
   1.5,  23.2,      -1.000,      -1.000,      -1.000,   4.10,   0.90,   0.04, 286.69,2009, 4, 2,   1,76428,   0.0,  28.9,      -1.000,      -1.000,      -1.000,   0.10,   0.10,   0.00, 287.68,2009, 4, 3,   1,76429,Yarralumla Creek,YAR400,3 04 2009,19,9.3,640,15,4.4,76,-9999,-9999,1,25,-9999,-9999,0.03,0.1,-9999,-9999,-9999,-9999,-9999,-9999,-9999,-9999,-9999,-9999,-9999,-9999,-9999,-9999,-9999,-9999,-9999,-9999,-9999,-9999,-9999,-9999,-9999,-9999,-9999,-9999,-9999,-9999,-9999,-9999,-9999,-9999,-9999,-9999,-9999,-9999,-9999,-9999,-9999,-9999,-9999,-9999,-9999,-9999,-9999,-9999,-9999,-9999,-9999,-9999,-9999,-9999,-9999,-9999
   0.0,  22.1,      -1.000,      -1.000,      -1.000,   0.00,   0.00,   0.00, 251.97,2009, 4,18,   0,76444,   0.0,  19.7,      -1.000,      -1.000,      -1.000,   0.00,   0.00,   0.00, 253.00,2009, 4,19,   1,76445,Yarralumla Creek,YAR400,19 04 2009,16,7.7,950,5,5.5,78,-9999,-9999,1,25,-9999,-9999,0.05,-9999,-9999,-9999,-9999,-9999,-9999,-9999,-9999,-9999,-9999,-9999,-9999,-9999,-9999,-9999,-9999,-9999,-9999,-9999,-9999,-9999,-9999,-9999,-9999,-9999,-9999,-9999,-9999,-9999,-9999,-9999,-9999,-9999,-9999,-9999,-9999,-9999,-9999,-9999,-9999,-9999,-9999,-9999,-9999,-9999,-9999,-9999,-9999,-9999,-9999,-9999,-9999,-9999,-9999,-9999
   1.6,  15.9,      -1.000,      -1.000,      -1.000,   2.40,   1.70,   0.06, 257.42,2009, 5,16,   1,76472,   0.0,  16.4,      -1.000,      -1.000,      -1.000,   0.00,   0.20,   0.00, 258.22,2009, 5,17,   0,76473,Yarralumla Creek,YAR400,17 05 2009,10,8.2,270,20,5.4,-9999,-9999,-9999,-9999,-9999,-9999,-9999,0.02,-9999,-9999,-9999,-9999,-9999,-9999,-9999,-9999,-9999,-9999,-9999,-9999,-9999,-9999,-9999,-9999,-9999,-9999,-9999,-9999,-9999,-9999,-9999,-9999,-9999,-9999,-9999,-9999,-9999,-9999,-9999,-9999,-9999,-9999,-9999,-9999,-9999,-9999,-9999,-9999,-9999,-9999,-9999,-9999,-9999,-9999,-9999,-9999,-9999,-9999,-9999,-9999,-9999,-9999,-9999
   0.0,  21.9,      -1.000,      -1.000,      -1.000,  -1.00,  -1.00,   0.00, 232.94,2012,11,18,   2,77754,   0.0,  20.6,      -1.000,      -1.000,      -1.000,  -1.00,  -1.00,   0.00, 234.31,2012,11,19,   2,77755,Yarralumla Creek,EDD010 ,19 11 2012,17.5,8.4,410,25,9.6,101,-9999,-9999,-9999,-9999,-9999,-9999,0.1,-9999,-9999,-9999,-9999,-9999,-9999,-9999,-9999,-9999,-9999,-9999,-9999,-9999,-9999,-9999,-9999,-9999,-9999,-9999,-9999,-9999,-9999,-9999,-9999,-9999,-9999,-9999,-9999,-9999,-9999,-9999,-9999,-9999,-9999,-9999,-9999,-9999,-9999,-9999,-9999,-9999,-9999,-9999,-9999,-9999,-9999,-9999,-9999,-9999,-9999,-9999,-9999,-9999,-9999,-9999
   1.2,  25.6,      -1.000,      -1.000,      -1.000,  -1.00,  -1.00,   0.04, 263.27,2012,12,15,   2,77781,   3.6,  28.2,      -1.000,      -1.000,      -1.000,  -1.00,  -1.00,   0.12, 261.14,2012,12,16,   2,77782,Yarralumla Creek,EDD010 ,16 12 2012,23,9.1,850,40,11.5,134,-9999,-9999,-9999,-9999,-9999,-9999,0.04,-9999,-9999,-9999,-9999,-9999,-9999,-9999,-9999,-9999,-9999,-9999,-9999,-9999,-9999,-9999,-9999,-9999,-9999,-9999,-9999,-9999,-9999,-9999,-9999,-9999,-9999,-9999,-9999,-9999,-9999,-9999,-9999,-9999,-9999,-9999,-9999,-9999,-9999,-9999,-9999,-9999,-9999,-9999,-9999,-9999,-9999,-9999,-9999,-9999,-9999,-9999,-9999,-9999,-9999,-9999
   0.0,  42.0,      -1.000,      -1.000,      -1.000,  -1.00,  -1.00,   0.00, 267.63,2013, 1,18,   2,77815,   0.0,  25.9,      -1.000,      -1.000,      -1.000,  -1.00,  -1.00,   0.00, 268.75,2013, 1,19,   2,77816,Yarralumla Creek,EDD010 ,19 01 2013,22,8.7,1030,40,8.6,99,-9999,-9999,-9999,6,-9999,-9999,0.05,-9999,-9999,-9999,-9999,-9999,-9999,-9999,-9999,-9999,-9999,-9999,-9999,-9999,-9999,-9999,-9999,-9999,-9999,-9999,-9999,-9999,-9999,-9999,-9999,-9999,-9999,-9999,-9999,-9999,-9999,-9999,-9999,-9999,-9999,-9999,-9999,-9999,-9999,-9999,-9999,-9999,-9999,-9999,-9999,-9999,-9999,-9999,-9999,-9999,-9999,-9999,-9999,-9999,-9999,-9999
   0.0,  25.9,      -1.000,      -1.000,      -1.000,  -1.00,  -1.00,   0.00, 268.75,2013, 1,19,   2,77816,   0.0,  29.6,      -1.000,      -1.000,      -1.000,  -1.00,  -1.00,   0.00, 270.02,2013, 1,20,   2,77817,Yarralumla Creek,YAR400 ,19 01 2013,23,7.6,1020,9,6.8,79,-9999,-9999,-9999,5,-9999,-9999,0.03,-9999,-9999,-9999,-9999,-9999,-9999,-9999,-9999,-9999,-9999,-9999,-9999,-9999,-9999,-9999,-9999,-9999,-9999,-9999,-9999,-9999,-9999,-9999,-9999,-9999,-9999,-9999,-9999,-9999,-9999,-9999,-9999,-9999,-9999,-9999,-9999,-9999,-9999,-9999,-9999,-9999,-9999,-9999,-9999,-9999,-9999,-9999,-9999,-9999,-9999,-9999,-9999,-9999,-9999,-9999
   0.0,  26.9,      -1.000,      -1.000,      -1.000,  -1.00,  -1.00,   0.00, 252.37,2013, 2,16,   2,77844,   0.0,  27.7,      -1.000,      -1.000,      -1.000,  -1.00,  -1.00,   0.00, 253.81,2013, 2,17,   2,77845,Yarralumla Creek,EDD010 ,17 02 2013,25,8.1,960,40,8.1,98,-9999,-9999,-9999,-9999,-9999,-9999,0.03,-9999,-9999,-9999,-9999,-9999,-9999,-9999,-9999,-9999,-9999,-9999,-9999,-9999,-9999,-9999,-9999,-9999,-9999,-9999,-9999,-9999,-9999,-9999,-9999,-9999,-9999,-9999,-9999,-9999,-9999,-9999,-9999,-9999,-9999,-9999,-9999,-9999,-9999,-9999,-9999,-9999,-9999,-9999,-9999,-9999,-9999,-9999,-9999,-9999,-9999,-9999,-9999,-9999,-9999,-9999
   0.0,  27.7,      -1.000,      -1.000,      -1.000,  -1.00,  -1.00,   0.00, 253.81,2013, 2,17,   2,77845,   0.0,  28.0,      -1.000,      -1.000,      -1.000,  -1.00,  -1.00,   0.00, 255.25,2013, 2,18,   2,77846,Yarralumla Creek,YAR400 ,17 02 2013,24.5,7.4,780,9,7.4,90,-9999,-9999,-9999,5,-9999,-9999,0.05,-9999,-9999,-9999,-9999,-9999,-9999,-9999,-9999,-9999,-9999,-9999,-9999,-9999,-9999,-9999,-9999,-9999,-9999,-9999,-9999,-9999,-9999,-9999,-9999,-9999,-9999,-9999,-9999,-9999,-9999,-9999,-9999,-9999,-9999,-9999,-9999,-9999,-9999,-9999,-9999,-9999,-9999,-9999,-9999,-9999,-9999,-9999,-9999,-9999,-9999,-9999,-9999,-9999,-9999,-9999
   0.0,  27.8,      -1.000,      -1.000,      -1.000,  -1.00,  -1.00,   0.00, 257.65,2013, 3,15,   2,77871,   0.0,  28.3,      -1.000,      -1.000,      -1.000,  -1.00,  -1.00,   0.00, 259.04,2013, 3,16,   2,77872,Yarralumla Creek,EDD010 ,16 03 2013,23,8.2,890,30,4.4,51,-9999,-9999,-9999,5,-9999,-9999,0.06,-9999,-9999,-9999,-9999,-9999,-9999,-9999,-9999,-9999,-9999,-9999,-9999,-9999,-9999,-9999,-9999,-9999,-9999,-9999,-9999,-9999,-9999,-9999,-9999,-9999,-9999,-9999,-9999,-9999,-9999,-9999,-9999,-9999,-9999,-9999,-9999,-9999,-9999,-9999,-9999,-9999,-9999,-9999,-9999,-9999,-9999,-9999,-9999,-9999,-9999,-9999,-9999,-9999,-9999,-9999
   0.0,  28.3,      -1.000,      -1.000,      -1.000,  -1.00,  -1.00,   0.00, 259.04,2013, 3,16,   2,77872,   0.0,  19.5,      -1.000,      -1.000,      -1.000,  -1.00,  -1.00,   0.00, 259.98,2013, 3,17,   2,77873,Yarralumla Creek,YAR400 ,16 03 2013,21.5,7.2,860,9,6.4,73,-9999,-9999,-9999,15,-9999,-9999,0.02,-9999,-9999,-9999,-9999,-9999,-9999,-9999,-9999,-9999,-9999,-9999,-9999,-9999,-9999,-9999,-9999,-9999,-9999,-9999,-9999,-9999,-9999,-9999,-9999,-9999,-9999,-9999,-9999,-9999,-9999,-9999,-9999,-9999,-9999,-9999,-9999,-9999,-9999,-9999,-9999,-9999,-9999,-9999,-9999,-9999,-9999,-9999,-9999,-9999,-9999,-9999,-9999,-9999,-9999,-9999
   0.6,  17.4,      -1.000,      -1.000,      -1.000,  -1.00,  -1.00,   0.02, 277.99,2013, 4,20,   2,77907,   0.0,  18.5,      -1.000,      -1.000,      -1.000,  -1.00,  -1.00,   0.00, 278.69,2013, 4,21,   2,77908,Yarralumla Creek,EDD010 ,21 04 2013,18,9.1,1130,30,10,106,-9999,-9999,-9999,15,-9999,-9999,0.01,-9999,-9999,-9999,-9999,-9999,-9999,-9999,-9999,-9999,-9999,-9999,-9999,-9999,-9999,-9999,-9999,-9999,-9999,-9999,-9999,-9999,-9999,-9999,-9999,-9999,-9999,-9999,-9999,-9999,-9999,-9999,-9999,-9999,-9999,-9999,-9999,-9999,-9999,-9999,-9999,-9999,-9999,-9999,-9999,-9999,-9999,-9999,-9999,-9999,-9999,-9999,-9999,-9999,-9999,-9999
   0.0,  18.5,      -1.000,      -1.000,      -1.000,  -1.00,  -1.00,   0.00, 278.69,2013, 4,21,   2,77908,   3.4,  17.4,      -1.000,      -1.000,      -1.000,  -1.00,  -1.00,   0.10, 276.08,2013, 4,22,   2,77909,Yarralumla Creek,YAR400 ,21 04 2013,13.5,7.8,890,9,7.6,74,-9999,-9999,-9999,-9999,-9999,-9999,0.02,-9999,-9999,-9999,-9999,-9999,-9999,-9999,-9999,-9999,-9999,-9999,-9999,-9999,-9999,-9999,-9999,-9999,-9999,-9999,-9999,-9999,-9999,-9999,-9999,-9999,-9999,-9999,-9999,-9999,-9999,-9999,-9999,-9999,-9999,-9999,-9999,-9999,-9999,-9999,-9999,-9999,-9999,-9999,-9999,-9999,-9999,-9999,-9999,-9999,-9999,-9999,-9999,-9999,-9999,-9999
   0.0,  15.3,      -1.000,      -1.000,      -1.000,  -1.00,  -1.00,   0.00, 289.01,2013, 5,18,   2,77935,   0.0,  16.6,      -1.000,      -1.000,      -1.000,  -1.00,  -1.00,   0.00, 289.56,2013, 5,19,   2,77936,Yarralumla Creek,EDD010 ,19 05 2013,10,8.6,1270,50,10.8,96,-9999,-9999,-9999,15,-9999,-9999,0.2,-9999,-9999,-9999,-9999,-9999,-9999,-9999,-9999,-9999,-9999,-9999,-9999,-9999,-9999,-9999,-9999,-9999,-9999,-9999,-9999,-9999,-9999,-9999,-9999,-9999,-9999,-9999,-9999,-9999,-9999,-9999,-9999,-9999,-9999,-9999,-9999,-9999,-9999,-9999,-9999,-9999,-9999,-9999,-9999,-9999,-9999,-9999,-9999,-9999,-9999,-9999,-9999,-9999,-9999,-9999
   0.0,  14.4,      -1.000,      -1.000,      -1.000,  -1.00,  -1.00,   0.00, 257.95,2013, 6,15,   2,77963,   0.0,  14.3,      -1.000,      -1.000,      -1.000,  -1.00,  -1.00,   0.00, 258.65,2013, 6,16,   2,77964,Yarralumla Creek,EDD010 ,16 06 2013,11,8.8,930,90,10.2,92,-9999,-9999,-9999,5,-9999,-9999,-9999,-9999,-9999,-9999,-9999,-9999,-9999,-9999,-9999,-9999,-9999,-9999,-9999,-9999,-9999,-9999,-9999,-9999,-9999,-9999,-9999,-9999,-9999,-9999,-9999,-9999,-9999,-9999,-9999,-9999,-9999,-9999,-9999,-9999,-9999,-9999,-9999,-9999,-9999,-9999,-9999,-9999,-9999,-9999,-9999,-9999,-9999,-9999,-9999,-9999,-9999,-9999,-9999,-9999,-9999,-9999
   0.0,  14.3,      -1.000,      -1.000,      -1.000,  -1.00,  -1.00,   0.00, 258.65,2013, 6,16,   2,77964,   0.0,  13.7,      -1.000,      -1.000,      -1.000,  -1.00,  -1.00,   0.00, 259.31,2013, 6,17,   2,77965,Yarralumla Creek,YAR400 ,16 06 2013,9.5,7.4,830,9,8.2,73,-9999,-9999,-9999,19,-9999,-9999,1.2,-9999,-9999,-9999,-9999,-9999,-9999,-9999,-9999,-9999,-9999,-9999,-9999,-9999,-9999,-9999,-9999,-9999,-9999,-9999,-9999,-9999,-9999,-9999,-9999,-9999,-9999,-9999,-9999,-9999,-9999,-9999,-9999,-9999,-9999,-9999,-9999,-9999,-9999,-9999,-9999,-9999,-9999,-9999,-9999,-9999,-9999,-9999,-9999,-9999,-9999,-9999,-9999,-9999,-9999,-9999
   0.0,  15.5,      -1.000,      -1.000,      -1.000,  -1.00,  -1.00,   0.00, 241.18,2013, 7,13,   2,77991,   0.2,  11.0,      -1.000,      -1.000,      -1.000,  -1.00,  -1.00,   0.01, 241.66,2013, 7,14,   2,77992,Yarralumla Creek,EDD010 ,14 07 2013,10,8.7,950,-9999,10.7,95,-9999,-9999,-9999,5,-9999,-9999,0.3,-9999,-9999,-9999,-9999,-9999,-9999,-9999,-9999,-9999,-9999,-9999,-9999,-9999,-9999,-9999,-9999,-9999,-9999,-9999,-9999,-9999,-9999,-9999,-9999,-9999,-9999,-9999,-9999,-9999,-9999,-9999,-9999,-9999,-9999,-9999,-9999,-9999,-9999,-9999,-9999,-9999,-9999,-9999,-9999,-9999,-9999,-9999,-9999,-9999,-9999,-9999,-9999,-9999,-9999,-9999
   0.2,  11.0,      -1.000,      -1.000,      -1.000,  -1.00,  -1.00,   0.01, 241.66,2013, 7,14,   2,77992,   1.6,  12.2,      -1.000,      -1.000,      -1.000,  -1.00,  -1.00,   0.06, 240.86,2013, 7,15,   2,77993,Yarralumla Creek,YAR400 ,14 07 2013,9,7.2,800,10,8.1,70,-9999,-9999,-9999,21,-9999,-9999,1.1,-9999,-9999,-9999,-9999,-9999,-9999,-9999,-9999,-9999,-9999,-9999,-9999,-9999,-9999,-9999,-9999,-9999,-9999,-9999,-9999,-9999,-9999,-9999,-9999,-9999,-9999,-9999,-9999,-9999,-9999,-9999,-9999,-9999,-9999,-9999,-9999,-9999,-9999,-9999,-9999,-9999,-9999,-9999,-9999,-9999,-9999,-9999,-9999,-9999,-9999,-9999,-9999,-9999,-9999,-9999
   2.8,  15.9,      -1.000,      -1.000,      -1.000,  -1.00,  -1.00,   0.12, 221.84,2013, 8,17,   2,78026,   0.0,  16.5,      -1.000,      -1.000,      -1.000,  -1.00,  -1.00,   0.00, 223.10,2013, 8,18,   2,78027,Yarralumla Creek,EDD010 ,18 08 2013,11.5,9.2,270,30,12.8,119,-9999,-9999,-9999,5,-9999,-9999,0,-9999,-9999,-9999,-9999,-9999,-9999,-9999,-9999,-9999,-9999,-9999,-9999,-9999,-9999,-9999,-9999,-9999,-9999,-9999,-9999,-9999,-9999,-9999,-9999,-9999,-9999,-9999,-9999,-9999,-9999,-9999,-9999,-9999,-9999,-9999,-9999,-9999,-9999,-9999,-9999,-9999,-9999,-9999,-9999,-9999,-9999,-9999,-9999,-9999,-9999,-9999,-9999,-9999,-9999,-9999
   0.0,  16.5,      -1.000,      -1.000,      -1.000,  -1.00,  -1.00,   0.00, 223.10,2013, 8,18,   2,78027,   0.0,  11.5,      -1.000,      -1.000,      -1.000,  -1.00,  -1.00,   0.00, 223.97,2013, 8,19,   2,78028,Yarralumla Creek,YAR400 ,18 08 2013,12.5,7.8,700,9,12,114,-9999,-9999,-9999,15,-9999,-9999,0.02,-9999,-9999,-9999,-9999,-9999,-9999,-9999,-9999,-9999,-9999,-9999,-9999,-9999,-9999,-9999,-9999,-9999,-9999,-9999,-9999,-9999,-9999,-9999,-9999,-9999,-9999,-9999,-9999,-9999,-9999,-9999,-9999,-9999,-9999,-9999,-9999,-9999,-9999,-9999,-9999,-9999,-9999,-9999,-9999,-9999,-9999,-9999,-9999,-9999,-9999,-9999,-9999,-9999,-9999,-9999
   0.2,  18.2,      -1.000,      -1.000,      -1.000,  -1.00,  -1.00,   0.03, 177.17,2013, 9,21,   2,78061,   0.0,  18.1,      -1.000,      -1.000,      -1.000,  -1.00,  -1.00,   0.00, 179.59,2013, 9,22,   2,78062,Yarralumla Creek,EDD010 ,22 09 2013,12,9.1,285,35,12.6,117,-9999,-9999,-9999,5,-9999,-9999,0,-9999,-9999,-9999,-9999,-9999,-9999,-9999,-9999,-9999,-9999,-9999,-9999,-9999,-9999,-9999,-9999,-9999,-9999,-9999,-9999,-9999,-9999,-9999,-9999,-9999,-9999,-9999,-9999,-9999,-9999,-9999,-9999,-9999,-9999,-9999,-9999,-9999,-9999,-9999,-9999,-9999,-9999,-9999,-9999,-9999,-9999,-9999,-9999,-9999,-9999,-9999,-9999,-9999,-9999,-9999
   0.0,  18.1,      -1.000,      -1.000,      -1.000,  -1.00,  -1.00,   0.00, 179.59,2013, 9,22,   2,78062,   0.0,  23.4,      -1.000,      -1.000,      -1.000,  -1.00,  -1.00,   0.00, 182.63,2013, 9,23,   2,78063,Yarralumla Creek,OMA075 ,22 09 2013,10.5,7.7,400,35,10,91,-9999,-9999,-9999,-9999,-9999,-9999,-9999,-9999,-9999,-9999,-9999,-9999,-9999,-9999,-9999,-9999,-9999,-9999,-9999,-9999,-9999,-9999,-9999,-9999,-9999,-9999,-9999,-9999,-9999,-9999,-9999,-9999,-9999,-9999,-9999,-9999,-9999,-9999,-9999,-9999,-9999,-9999,-9999,-9999,-9999,-9999,-9999,-9999,-9999,-9999,-9999,-9999,-9999,-9999,-9999,-9999,-9999,-9999,-9999,-9999,-9999,-9999
   0.0,  23.4,      -1.000,      -1.000,      -1.000,  -1.00,  -1.00,   0.00, 182.63,2013, 9,23,   2,78063,   0.0,  23.3,      -1.000,      -1.000,      -1.000,  -1.00,  -1.00,   0.00, 185.55,2013, 9,24,   2,78064,Yarralumla Creek,OMA090 ,22 09 2013,15,7.7,220,50,9,89,-9999,-9999,-9999,-9999,-9999,-9999,-9999,-9999,-9999,-9999,-9999,-9999,-9999,-9999,-9999,-9999,-9999,-9999,-9999,-9999,-9999,-9999,-9999,-9999,-9999,-9999,-9999,-9999,-9999,-9999,-9999,-9999,-9999,-9999,-9999,-9999,-9999,-9999,-9999,-9999,-9999,-9999,-9999,-9999,-9999,-9999,-9999,-9999,-9999,-9999,-9999,-9999,-9999,-9999,-9999,-9999,-9999,-9999,-9999,-9999,-9999,-9999
   0.0,  23.3,      -1.000,      -1.000,      -1.000,  -1.00,  -1.00,   0.00, 185.55,2013, 9,24,   2,78064,   0.0,  24.9,      -1.000,      -1.000,      -1.000,  -1.00,  -1.00,   0.00, 188.55,2013, 9,25,   2,78065,Yarralumla Creek,YAR400 ,22 09 2013,11.5,7.3,830,10,8.2,76,-9999,-9999,-9999,15,-9999,-9999,0.02,-9999,-9999,-9999,-9999,-9999,-9999,-9999,-9999,-9999,-9999,-9999,-9999,-9999,-9999,-9999,-9999,-9999,-9999,-9999,-9999,-9999,-9999,-9999,-9999,-9999,-9999,-9999,-9999,-9999,-9999,-9999,-9999,-9999,-9999,-9999,-9999,-9999,-9999,-9999,-9999,-9999,-9999,-9999,-9999,-9999,-9999,-9999,-9999,-9999,-9999,-9999,-9999,-9999,-9999,-9999
   0.0,  20.5,      -1.000,      -1.000,      -1.000,  -1.00,  -1.00,   0.00, 229.15,2013,10,18,   2,78088,   0.0,  24.4,      -1.000,      -1.000,      -1.000,  -1.00,  -1.00,   0.00, 230.85,2013,10,19,   2,78089,Yarralumla Creek,EDD010 ,19 10 2013,11,9.1,265,40,12.7,115,-9999,-9999,-9999,5,-9999,-9999,-9999,-9999,-9999,-9999,-9999,-9999,-9999,-9999,-9999,-9999,-9999,-9999,-9999,-9999,-9999,-9999,-9999,-9999,-9999,-9999,-9999,-9999,-9999,-9999,-9999,-9999,-9999,-9999,-9999,-9999,-9999,-9999,-9999,-9999,-9999,-9999,-9999,-9999,-9999,-9999,-9999,-9999,-9999,-9999,-9999,-9999,-9999,-9999,-9999,-9999,-9999,-9999,-9999,-9999,-9999,-9999
   0.0,  24.4,      -1.000,      -1.000,      -1.000,  -1.00,  -1.00,   0.00, 230.85,2013,10,19,   2,78089,   0.0,  27.2,      -1.000,      -1.000,      -1.000,  -1.00,  -1.00,   0.00, 232.71,2013,10,20,   2,78090,Yarralumla Creek,YAR400 ,19 10 2013,11.8,7.3,800,10,8.1,75,-9999,-9999,-9999,14,-9999,-9999,0.02,-9999,-9999,-9999,-9999,-9999,-9999,-9999,-9999,-9999,-9999,-9999,-9999,-9999,-9999,-9999,-9999,-9999,-9999,-9999,-9999,-9999,-9999,-9999,-9999,-9999,-9999,-9999,-9999,-9999,-9999,-9999,-9999,-9999,-9999,-9999,-9999,-9999,-9999,-9999,-9999,-9999,-9999,-9999,-9999,-9999,-9999,-9999,-9999,-9999,-9999,-9999,-9999,-9999,-9999,-9999
   0.0,  27.2,      -1.000,      -1.000,      -1.000,  -1.00,  -1.00,   0.00, 232.71,2013,10,20,   2,78090,   0.0,  32.1,      -1.000,      -1.000,      -1.000,  -1.00,  -1.00,   0.00, 234.86,2013,10,21,   2,78091,Yarralumla Creek,OMA075 ,20 10 2013,13,7.5,830,9,5,47,-9999,-9999,-9999,-9999,-9999,-9999,-9999,-9999,-9999,-9999,-9999,-9999,-9999,-9999,-9999,-9999,-9999,-9999,-9999,-9999,-9999,-9999,-9999,-9999,-9999,-9999,-9999,-9999,-9999,-9999,-9999,-9999,-9999,-9999,-9999,-9999,-9999,-9999,-9999,-9999,-9999,-9999,-9999,-9999,-9999,-9999,-9999,-9999,-9999,-9999,-9999,-9999,-9999,-9999,-9999,-9999,-9999,-9999,-9999,-9999,-9999,-9999
   0.0,  32.1,      -1.000,      -1.000,      -1.000,  -1.00,  -1.00,   0.00, 234.86,2013,10,21,   2,78091,   6.6,  22.3,      -1.000,      -1.000,      -1.000,  -1.00,  -1.00,   0.28, 230.11,2013,10,22,   2,78092,Yarralumla Creek,OMA090 ,20 10 2013,18,7.8,250,50,7.6,80,-9999,-9999,-9999,-9999,-9999,-9999,-9999,-9999,-9999,-9999,-9999,-9999,-9999,-9999,-9999,-9999,-9999,-9999,-9999,-9999,-9999,-9999,-9999,-9999,-9999,-9999,-9999,-9999,-9999,-9999,-9999,-9999,-9999,-9999,-9999,-9999,-9999,-9999,-9999,-9999,-9999,-9999,-9999,-9999,-9999,-9999,-9999,-9999,-9999,-9999,-9999,-9999,-9999,-9999,-9999,-9999,-9999,-9999,-9999,-9999,-9999,-9999
   0.0,  23.1,      -1.000,      -1.000,      -1.000,  -1.00,  -1.00,   0.00, 195.86,2013,11,15,   2,78116,   4.0,  19.0,      -1.000,      -1.000,      -1.000,  -1.00,  -1.00,   0.31, 194.29,2013,11,16,   2,78117,Yarralumla Creek,OMA075 ,16 11 2013,14.5,7.8,310,65,7,69,-9999,-9999,-9999,-9999,-9999,-9999,-9999,-9999,-9999,-9999,-9999,-9999,-9999,-9999,-9999,-9999,-9999,-9999,-9999,-9999,-9999,-9999,-9999,-9999,-9999,-9999,-9999,-9999,-9999,-9999,-9999,-9999,-9999,-9999,-9999,-9999,-9999,-9999,-9999,-9999,-9999,-9999,-9999,-9999,-9999,-9999,-9999,-9999,-9999,-9999,-9999,-9999,-9999,-9999,-9999,-9999,-9999,-9999,-9999,-9999,-9999,-9999
   4.0,  19.0,      -1.000,      -1.000,      -1.000,  -1.00,  -1.00,   0.31, 194.29,2013,11,16,   2,78117,   0.0,  21.4,      -1.000,      -1.000,      -1.000,  -1.00,  -1.00,   0.00, 196.60,2013,11,17,   2,78118,Yarralumla Creek,OMA090 ,16 11 2013,17,8.1,220,35,9,93,-9999,-9999,-9999,-9999,-9999,-9999,-9999,-9999,-9999,-9999,-9999,-9999,-9999,-9999,-9999,-9999,-9999,-9999,-9999,-9999,-9999,-9999,-9999,-9999,-9999,-9999,-9999,-9999,-9999,-9999,-9999,-9999,-9999,-9999,-9999,-9999,-9999,-9999,-9999,-9999,-9999,-9999,-9999,-9999,-9999,-9999,-9999,-9999,-9999,-9999,-9999,-9999,-9999,-9999,-9999,-9999,-9999,-9999,-9999,-9999,-9999,-9999
   0.0,  21.4,      -1.000,      -1.000,      -1.000,  -1.00,  -1.00,   0.00, 196.60,2013,11,17,   2,78118,   0.0,  22.5,      -1.000,      -1.000,      -1.000,  -1.00,  -1.00,   0.00, 198.97,2013,11,18,   2,78119,Yarralumla Creek,EDD010 ,18 11 2013,22,8.9,260,10,11.6,133,-9999,-9999,-9999,-9999,-9999,-9999,0.02,-9999,-9999,-9999,-9999,-9999,-9999,-9999,-9999,-9999,-9999,-9999,-9999,-9999,-9999,-9999,-9999,-9999,-9999,-9999,-9999,-9999,-9999,-9999,-9999,-9999,-9999,-9999,-9999,-9999,-9999,-9999,-9999,-9999,-9999,-9999,-9999,-9999,-9999,-9999,-9999,-9999,-9999,-9999,-9999,-9999,-9999,-9999,-9999,-9999,-9999,-9999,-9999,-9999,-9999,-9999
   0.0,  22.5,      -1.000,      -1.000,      -1.000,  -1.00,  -1.00,   0.00, 198.97,2013,11,18,   2,78119,   0.0,  27.9,      -1.000,      -1.000,      -1.000,  -1.00,  -1.00,   0.00, 201.81,2013,11,19,   2,78120,Yarralumla Creek,YAR400 ,18 11 2013,23.5,7.2,750,40,7.1,84,-9999,-9999,-9999,15,-9999,-9999,0.1,-9999,-9999,-9999,-9999,-9999,-9999,-9999,-9999,-9999,-9999,-9999,-9999,-9999,-9999,-9999,-9999,-9999,-9999,-9999,-9999,-9999,-9999,-9999,-9999,-9999,-9999,-9999,-9999,-9999,-9999,-9999,-9999,-9999,-9999,-9999,-9999,-9999,-9999,-9999,-9999,-9999,-9999,-9999,-9999,-9999,-9999,-9999,-9999,-9999,-9999,-9999,-9999,-9999,-9999,-9999
   0.0,  31.3,      -1.000,      -1.000,      -1.000,  -1.00,  -1.00,   0.00, 234.31,2013,12,21,   2,78152,   0.0,  38.1,      -1.000,      -1.000,      -1.000,  -1.00,  -1.00,   0.00, 236.80,2013,12,22,   2,78153,Yarralumla Creek,EDD010 ,22 12 2013,27,9.6,350,40,9.1,114,-9999,-9999,-9999,-9999,-9999,-9999,0.05,-9999,-9999,-9999,-9999,-9999,-9999,-9999,-9999,-9999,-9999,-9999,-9999,-9999,-9999,-9999,-9999,-9999,-9999,-9999,-9999,-9999,-9999,-9999,-9999,-9999,-9999,-9999,-9999,-9999,-9999,-9999,-9999,-9999,-9999,-9999,-9999,-9999,-9999,-9999,-9999,-9999,-9999,-9999,-9999,-9999,-9999,-9999,-9999,-9999,-9999,-9999,-9999,-9999,-9999,-9999
   0.0,  38.1,      -1.000,      -1.000,      -1.000,  -1.00,  -1.00,   0.00, 236.80,2013,12,22,   2,78153,   0.0,  27.6,      -1.000,      -1.000,      -1.000,  -1.00,  -1.00,   0.00, 238.56,2013,12,23,   2,78154,Yarralumla Creek,YAR400 ,22 12 2013,27.5,8,810,9,9.1,116,-9999,-9999,-9999,-9999,-9999,-9999,0.02,-9999,-9999,-9999,-9999,-9999,-9999,-9999,-9999,-9999,-9999,-9999,-9999,-9999,-9999,-9999,-9999,-9999,-9999,-9999,-9999,-9999,-9999,-9999,-9999,-9999,-9999,-9999,-9999,-9999,-9999,-9999,-9999,-9999,-9999,-9999,-9999,-9999,-9999,-9999,-9999,-9999,-9999,-9999,-9999,-9999,-9999,-9999,-9999,-9999,-9999,-9999,-9999,-9999,-9999,-9999
   0.0,  27.6,      -1.000,      -1.000,      -1.000,  -1.00,  -1.00,   0.00, 238.56,2013,12,23,   2,78154,   0.0,  24.9,      -1.000,      -1.000,      -1.000,  -1.00,  -1.00,   0.00, 240.11,2013,12,24,   2,78155,Yarralumla Creek,OMA075 ,23 12 2013,20,7.5,740,100,1,11,-9999,-9999,-9999,-9999,-9999,-9999,-9999,-9999,-9999,-9999,-9999,-9999,-9999,-9999,-9999,-9999,-9999,-9999,-9999,-9999,-9999,-9999,-9999,-9999,-9999,-9999,-9999,-9999,-9999,-9999,-9999,-9999,-9999,-9999,-9999,-9999,-9999,-9999,-9999,-9999,-9999,-9999,-9999,-9999,-9999,-9999,-9999,-9999,-9999,-9999,-9999,-9999,-9999,-9999,-9999,-9999,-9999,-9999,-9999,-9999,-9999,-9999
   0.0,  24.9,      -1.000,      -1.000,      -1.000,  -1.00,  -1.00,   0.00, 240.11,2013,12,24,   2,78155,   0.0,  21.9,      -1.000,      -1.000,      -1.000,  -1.00,  -1.00,   0.00, 241.44,2013,12,25,   2,78156,Yarralumla Creek,OMA090 ,23 12 2013,24,7.8,260,13,5.2,62,-9999,-9999,-9999,-9999,-9999,-9999,-9999,-9999,-9999,-9999,-9999,-9999,-9999,-9999,-9999,-9999,-9999,-9999,-9999,-9999,-9999,-9999,-9999,-9999,-9999,-9999,-9999,-9999,-9999,-9999,-9999,-9999,-9999,-9999,-9999,-9999,-9999,-9999,-9999,-9999,-9999,-9999,-9999,-9999,-9999,-9999,-9999,-9999,-9999,-9999,-9999,-9999,-9999,-9999,-9999,-9999,-9999,-9999,-9999,-9999,-9999,-9999
   0.0,  39.7,      -1.000,      -1.000,      -1.000,  -1.00,  -1.00,   0.00, 273.56,2014, 1,17,   2,78179,   0.0,  40.0,      -1.000,      -1.000,      -1.000,  -1.00,  -1.00,   0.00, 275.17,2014, 1,18,   2,78180,Yarralumla Creek,OMA075 ,18 01 2014,19,7.4,920,28,1,11,-9999,-9999,-9999,1,-9999,-9999,-9999,-9999,-9999,-9999,-9999,-9999,-9999,-9999,-9999,-9999,-9999,-9999,-9999,-9999,-9999,-9999,-9999,-9999,-9999,-9999,-9999,-9999,-9999,-9999,-9999,-9999,-9999,-9999,-9999,-9999,-9999,-9999,-9999,-9999,-9999,-9999,-9999,-9999,-9999,-9999,-9999,-9999,-9999,-9999,-9999,-9999,-9999,-9999,-9999,-9999,-9999,-9999,-9999,-9999,-9999,-9999
   0.0,  40.0,      -1.000,      -1.000,      -1.000,  -1.00,  -1.00,   0.00, 275.17,2014, 1,18,   2,78180,   1.0,  32.3,      -1.000,      -1.000,      -1.000,  -1.00,  -1.00,   0.03, 275.49,2014, 1,19,   2,78181,Yarralumla Creek,OMA090 ,18 01 2014,26,7.8,260,19,6,74,-9999,-9999,-9999,-9999,-9999,-9999,-9999,-9999,-9999,-9999,-9999,-9999,-9999,-9999,-9999,-9999,-9999,-9999,-9999,-9999,-9999,-9999,-9999,-9999,-9999,-9999,-9999,-9999,-9999,-9999,-9999,-9999,-9999,-9999,-9999,-9999,-9999,-9999,-9999,-9999,-9999,-9999,-9999,-9999,-9999,-9999,-9999,-9999,-9999,-9999,-9999,-9999,-9999,-9999,-9999,-9999,-9999,-9999,-9999,-9999,-9999,-9999
   1.0,  32.3,      -1.000,      -1.000,      -1.000,  -1.00,  -1.00,   0.03, 275.49,2014, 1,19,   2,78181,   0.0,  26.3,      -1.000,      -1.000,      -1.000,  -1.00,  -1.00,   0.00, 276.52,2014, 1,20,   2,78182,Yarralumla Creek,EDD010 ,20 01 2014,22,7.5,600,20,2.2,25,-9999,-9999,-9999,-9999,-9999,-9999,0.02,-9999,-9999,-9999,-9999,-9999,-9999,-9999,-9999,-9999,-9999,-9999,-9999,-9999,-9999,-9999,-9999,-9999,-9999,-9999,-9999,-9999,-9999,-9999,-9999,-9999,-9999,-9999,-9999,-9999,-9999,-9999,-9999,-9999,-9999,-9999,-9999,-9999,-9999,-9999,-9999,-9999,-9999,-9999,-9999,-9999,-9999,-9999,-9999,-9999,-9999,-9999,-9999,-9999,-9999,-9999
   0.0,  26.3,      -1.000,      -1.000,      -1.000,  -1.00,  -1.00,   0.00, 276.52,2014, 1,20,   2,78182,   0.0,  31.1,      -1.000,      -1.000,      -1.000,  -1.00,  -1.00,   0.00, 277.72,2014, 1,21,   2,78183,Yarralumla Creek,YAR400 ,20 01 2014,22,7.5,760,9,1.7,19,-9999,-9999,-9999,-9999,-9999,-9999,0.02,-9999,-9999,-9999,-9999,-9999,-9999,-9999,-9999,-9999,-9999,-9999,-9999,-9999,-9999,-9999,-9999,-9999,-9999,-9999,-9999,-9999,-9999,-9999,-9999,-9999,-9999,-9999,-9999,-9999,-9999,-9999,-9999,-9999,-9999,-9999,-9999,-9999,-9999,-9999,-9999,-9999,-9999,-9999,-9999,-9999,-9999,-9999,-9999,-9999,-9999,-9999,-9999,-9999,-9999,-9999
   7.8,  21.1,      -1.000,      -1.000,      -1.000,  -1.00,  -1.00,   0.21, 291.64,2014, 2,15,   2,78208,  19.6,  25.7,      -1.000,      -1.000,      -1.000,  -1.00,  -1.00,   0.58, 273.66,2014, 2,16,   2,78209,Yarralumla Creek,OMA075 ,16 02 2014,21,8,340,13,-9999,-9999,-9999,-9999,-9999,-9999,-9999,-9999,-9999,-9999,-9999,-9999,-9999,-9999,-9999,-9999,-9999,-9999,-9999,-9999,-9999,-9999,-9999,-9999,-9999,-9999,-9999,-9999,-9999,-9999,-9999,-9999,-9999,-9999,-9999,-9999,-9999,-9999,-9999,-9999,-9999,-9999,-9999,-9999,-9999,-9999,-9999,-9999,-9999,-9999,-9999,-9999,-9999,-9999,-9999,-9999,-9999,-9999,-9999,-9999,-9999,-9999,-9999,-9999
  19.6,  25.7,      -1.000,      -1.000,      -1.000,  -1.00,  -1.00,   0.58, 273.66,2014, 2,16,   2,78209,  20.4,  26.9,      -1.000,      -1.000,      -1.000,  -1.00,  -1.00,   0.69, 255.33,2014, 2,17,   2,78210,Yarralumla Creek,OMA090 ,16 02 2014,21,8.1,270,30,-9999,-9999,-9999,-9999,-9999,1,-9999,-9999,-9999,-9999,-9999,-9999,-9999,-9999,-9999,-9999,-9999,-9999,-9999,-9999,-9999,-9999,-9999,-9999,-9999,-9999,-9999,-9999,-9999,-9999,-9999,-9999,-9999,-9999,-9999,-9999,-9999,-9999,-9999,-9999,-9999,-9999,-9999,-9999,-9999,-9999,-9999,-9999,-9999,-9999,-9999,-9999,-9999,-9999,-9999,-9999,-9999,-9999,-9999,-9999,-9999,-9999,-9999,-9999
  20.4,  26.9,      -1.000,      -1.000,      -1.000,  -1.00,  -1.00,   0.69, 255.33,2014, 2,17,   2,78210,   0.0,  29.8,      -1.000,      -1.000,      -1.000,  -1.00,  -1.00,   0.00, 256.84,2014, 2,18,   2,78211,Yarralumla Creek,YAR400 ,17 02 2014,28.5,8.1,530,30,4.2,55,-9999,-9999,-9999,7,-9999,-9999,0.1,-9999,-9999,-9999,-9999,-9999,-9999,-9999,-9999,-9999,-9999,-9999,-9999,-9999,-9999,-9999,-9999,-9999,-9999,-9999,-9999,-9999,-9999,-9999,-9999,-9999,-9999,-9999,-9999,-9999,-9999,-9999,-9999,-9999,-9999,-9999,-9999,-9999,-9999,-9999,-9999,-9999,-9999,-9999,-9999,-9999,-9999,-9999,-9999,-9999,-9999,-9999,-9999,-9999,-9999,-9999
   0.0,  29.8,      -1.000,      -1.000,      -1.000,  -1.00,  -1.00,   0.00, 256.84,2014, 2,18,   2,78211,   0.0,  30.7,      -1.000,      -1.000,      -1.000,  -1.00,  -1.00,   0.00, 258.36,2014, 2,19,   2,78212,Yarralumla Creek,EDD010 ,18 02 2014,26,9.3,400,30,11.6,143,-9999,-9999,-9999,1,-9999,-9999,0.01,-9999,-9999,-9999,-9999,-9999,-9999,-9999,-9999,-9999,-9999,-9999,-9999,-9999,-9999,-9999,-9999,-9999,-9999,-9999,-9999,-9999,-9999,-9999,-9999,-9999,-9999,-9999,-9999,-9999,-9999,-9999,-9999,-9999,-9999,-9999,-9999,-9999,-9999,-9999,-9999,-9999,-9999,-9999,-9999,-9999,-9999,-9999,-9999,-9999,-9999,-9999,-9999,-9999,-9999,-9999
   0.0,  25.1,      -1.000,      -1.000,      -1.000,  -1.00,  -1.00,   0.00, 231.23,2014, 3,15,   2,78236,   0.0,  19.1,      -1.000,      -1.000,      -1.000,  -1.00,  -1.00,   0.00, 232.53,2014, 3,16,   2,78237,Yarralumla Creek,OMA075 ,16 03 2014,16,7.9,760,9,1,10,-9999,-9999,-9999,1,-9999,-9999,-9999,-9999,-9999,-9999,-9999,-9999,-9999,-9999,-9999,-9999,-9999,-9999,-9999,-9999,-9999,-9999,-9999,-9999,-9999,-9999,-9999,-9999,-9999,-9999,-9999,-9999,-9999,-9999,-9999,-9999,-9999,-9999,-9999,-9999,-9999,-9999,-9999,-9999,-9999,-9999,-9999,-9999,-9999,-9999,-9999,-9999,-9999,-9999,-9999,-9999,-9999,-9999,-9999,-9999,-9999,-9999
   0.0,  19.1,      -1.000,      -1.000,      -1.000,  -1.00,  -1.00,   0.00, 232.53,2014, 3,16,   2,78237,   0.0,  22.3,      -1.000,      -1.000,      -1.000,  -1.00,  -1.00,   0.00, 234.03,2014, 3,17,   2,78238,Yarralumla Creek,OMA090 ,16 03 2014,21,8.2,250,27,4.2,47,-9999,-9999,-9999,1,-9999,-9999,-9999,-9999,-9999,-9999,-9999,-9999,-9999,-9999,-9999,-9999,-9999,-9999,-9999,-9999,-9999,-9999,-9999,-9999,-9999,-9999,-9999,-9999,-9999,-9999,-9999,-9999,-9999,-9999,-9999,-9999,-9999,-9999,-9999,-9999,-9999,-9999,-9999,-9999,-9999,-9999,-9999,-9999,-9999,-9999,-9999,-9999,-9999,-9999,-9999,-9999,-9999,-9999,-9999,-9999,-9999,-9999
   0.0,  16.8,      -1.000,      -1.000,      -1.000,  -1.00,  -1.00,   0.00, 197.60,2014, 4,19,   2,78271,   0.0,  16.2,      -1.000,      -1.000,      -1.000,  -1.00,  -1.00,   0.00, 199.28,2014, 4,20,   2,78272,Yarralumla Creek,OMA075 ,20 04 2014,10.5,8,650,9,2,18,-9999,-9999,-9999,-9999,-9999,-9999,-9999,-9999,-9999,-9999,-9999,-9999,-9999,-9999,-9999,-9999,-9999,-9999,-9999,-9999,-9999,-9999,-9999,-9999,-9999,-9999,-9999,-9999,-9999,-9999,-9999,-9999,-9999,-9999,-9999,-9999,-9999,-9999,-9999,-9999,-9999,-9999,-9999,-9999,-9999,-9999,-9999,-9999,-9999,-9999,-9999,-9999,-9999,-9999,-9999,-9999,-9999,-9999,-9999,-9999,-9999,-9999
   0.0,  16.2,      -1.000,      -1.000,      -1.000,  -1.00,  -1.00,   0.00, 199.28,2014, 4,20,   2,78272,   0.0,  18.7,      -1.000,      -1.000,      -1.000,  -1.00,  -1.00,   0.00, 201.18,2014, 4,21,   2,78273,Yarralumla Creek,OMA090 ,20 04 2014,15,8.1,240,50,6.9,68,-9999,-9999,-9999,1,-9999,-9999,-9999,-9999,-9999,-9999,-9999,-9999,-9999,-9999,-9999,-9999,-9999,-9999,-9999,-9999,-9999,-9999,-9999,-9999,-9999,-9999,-9999,-9999,-9999,-9999,-9999,-9999,-9999,-9999,-9999,-9999,-9999,-9999,-9999,-9999,-9999,-9999,-9999,-9999,-9999,-9999,-9999,-9999,-9999,-9999,-9999,-9999,-9999,-9999,-9999,-9999,-9999,-9999,-9999,-9999,-9999,-9999
   0.0,  18.7,      -1.000,      -1.000,      -1.000,  -1.00,  -1.00,   0.00, 201.18,2014, 4,21,   2,78273,   0.0,  20.3,      -1.000,      -1.000,      -1.000,  -1.00,  -1.00,   0.00, 203.20,2014, 4,22,   2,78274,Yarralumla Creek,EDD010 ,22 04 2014,16,8.9,380,30,15.1,153,-9999,-9999,-9999,1,-9999,-9999,0.02,-9999,-9999,-9999,-9999,-9999,-9999,-9999,-9999,-9999,-9999,-9999,-9999,-9999,-9999,-9999,-9999,-9999,-9999,-9999,-9999,-9999,-9999,-9999,-9999,-9999,-9999,-9999,-9999,-9999,-9999,-9999,-9999,-9999,-9999,-9999,-9999,-9999,-9999,-9999,-9999,-9999,-9999,-9999,-9999,-9999,-9999,-9999,-9999,-9999,-9999,-9999,-9999,-9999,-9999,-9999
   0.0,  20.3,      -1.000,      -1.000,      -1.000,  -1.00,  -1.00,   0.00, 203.20,2014, 4,22,   2,78274,   0.0,  21.0,      -1.000,      -1.000,      -1.000,  -1.00,  -1.00,   0.00, 205.23,2014, 4,23,   2,78275,Yarralumla Creek,YAR400 ,22 04 2014,15,7.9,830,9,10.1,100,-9999,-9999,-9999,4,-9999,-9999,0.01,-9999,-9999,-9999,-9999,-9999,-9999,-9999,-9999,-9999,-9999,-9999,-9999,-9999,-9999,-9999,-9999,-9999,-9999,-9999,-9999,-9999,-9999,-9999,-9999,-9999,-9999,-9999,-9999,-9999,-9999,-9999,-9999,-9999,-9999,-9999,-9999,-9999,-9999,-9999,-9999,-9999,-9999,-9999,-9999,-9999,-9999,-9999,-9999,-9999,-9999,-9999,-9999,-9999,-9999,-9999
   0.0,  19.0,      -1.000,      -1.000,      -1.000,  -1.00,  -1.00,   0.00, 229.28,2014, 5,18,   2,78300,   0.0,  20.0,      -1.000,      -1.000,      -1.000,  -1.00,  -1.00,   0.00, 230.68,2014, 5,19,   2,78301,Yarralumla Creek,EDD010 ,19 05 2014,12,8.4,410,30,9.6,89,-9999,-9999,-9999,-9999,-9999,-9999,0.02,-9999,-9999,-9999,-9999,-9999,-9999,-9999,-9999,-9999,-9999,-9999,-9999,-9999,-9999,-9999,-9999,-9999,-9999,-9999,-9999,-9999,-9999,-9999,-9999,-9999,-9999,-9999,-9999,-9999,-9999,-9999,-9999,-9999,-9999,-9999,-9999,-9999,-9999,-9999,-9999,-9999,-9999,-9999,-9999,-9999,-9999,-9999,-9999,-9999,-9999,-9999,-9999,-9999,-9999,-9999
   0.0,  20.0,      -1.000,      -1.000,      -1.000,  -1.00,  -1.00,   0.00, 230.68,2014, 5,19,   2,78301,   0.0,  19.0,      -1.000,      -1.000,      -1.000,  -1.00,  -1.00,   0.00, 231.98,2014, 5,20,   2,78302,Yarralumla Creek,YAR400 ,19 05 2014,13,8,800,9,11.3,107,-9999,-9999,-9999,2,-9999,-9999,0.01,-9999,-9999,-9999,-9999,-9999,-9999,-9999,-9999,-9999,-9999,-9999,-9999,-9999,-9999,-9999,-9999,-9999,-9999,-9999,-9999,-9999,-9999,-9999,-9999,-9999,-9999,-9999,-9999,-9999,-9999,-9999,-9999,-9999,-9999,-9999,-9999,-9999,-9999,-9999,-9999,-9999,-9999,-9999,-9999,-9999,-9999,-9999,-9999,-9999,-9999,-9999,-9999,-9999,-9999,-9999
   0.0,  15.3,      -1.000,      -1.000,      -1.000,  -1.00,  -1.00,   0.00, 222.25,2014, 6,17,   2,78330,   0.2,  12.9,      -1.000,      -1.000,      -1.000,  -1.00,  -1.00,   0.01, 223.05,2014, 6,18,   2,78331,Yarralumla Creek,EDD010 ,18 06 2014,8,8.2,500,30,8.2,69,-9999,-9999,-9999,1,-9999,-9999,0.05,-9999,-9999,-9999,-9999,-9999,-9999,-9999,-9999,-9999,-9999,-9999,-9999,-9999,-9999,-9999,-9999,-9999,-9999,-9999,-9999,-9999,-9999,-9999,-9999,-9999,-9999,-9999,-9999,-9999,-9999,-9999,-9999,-9999,-9999,-9999,-9999,-9999,-9999,-9999,-9999,-9999,-9999,-9999,-9999,-9999,-9999,-9999,-9999,-9999,-9999,-9999,-9999,-9999,-9999,-9999
   0.2,  12.9,      -1.000,      -1.000,      -1.000,  -1.00,  -1.00,   0.01, 223.05,2014, 6,18,   2,78331,   0.2,  13.5,      -1.000,      -1.000,      -1.000,  -1.00,  -1.00,   0.01, 223.88,2014, 6,19,   2,78332,Yarralumla Creek,YAR400 ,18 06 2014,7,7.9,800,9,8.5,70,-9999,-9999,-9999,3,-9999,-9999,0.01,-9999,-9999,-9999,-9999,-9999,-9999,-9999,-9999,-9999,-9999,-9999,-9999,-9999,-9999,-9999,-9999,-9999,-9999,-9999,-9999,-9999,-9999,-9999,-9999,-9999,-9999,-9999,-9999,-9999,-9999,-9999,-9999,-9999,-9999,-9999,-9999,-9999,-9999,-9999,-9999,-9999,-9999,-9999,-9999,-9999,-9999,-9999,-9999,-9999,-9999,-9999,-9999,-9999,-9999,-9999
   0.2,  13.5,      -1.000,      -1.000,      -1.000,  -1.00,  -1.00,   0.01, 212.22,2014, 7,18,   2,78361,   0.0,  12.1,      -1.000,      -1.000,      -1.000,  -1.00,  -1.00,   0.00, 213.26,2014, 7,19,   2,78362,Yarralumla Creek,EDD010 ,19 07 2014,7.5,8,430,20,10.6,90,-9999,-9999,-9999,1,-9999,-9999,0.02,-9999,-9999,-9999,-9999,-9999,-9999,-9999,-9999,-9999,-9999,-9999,-9999,-9999,-9999,-9999,-9999,-9999,-9999,-9999,-9999,-9999,-9999,-9999,-9999,-9999,-9999,-9999,-9999,-9999,-9999,-9999,-9999,-9999,-9999,-9999,-9999,-9999,-9999,-9999,-9999,-9999,-9999,-9999,-9999,-9999,-9999,-9999,-9999,-9999,-9999,-9999,-9999,-9999,-9999,-9999
   0.0,  12.1,      -1.000,      -1.000,      -1.000,  -1.00,  -1.00,   0.00, 213.26,2014, 7,19,   2,78362,   0.0,  12.5,      -1.000,      -1.000,      -1.000,  -1.00,  -1.00,   0.00, 214.33,2014, 7,20,   2,78363,Yarralumla Creek,YAR400 ,19 07 2014,8.5,8.4,730,9,14.6,126,-9999,-9999,-9999,5,-9999,-9999,0.02,-9999,-9999,-9999,-9999,-9999,-9999,-9999,-9999,-9999,-9999,-9999,-9999,-9999,-9999,-9999,-9999,-9999,-9999,-9999,-9999,-9999,-9999,-9999,-9999,-9999,-9999,-9999,-9999,-9999,-9999,-9999,-9999,-9999,-9999,-9999,-9999,-9999,-9999,-9999,-9999,-9999,-9999,-9999,-9999,-9999,-9999,-9999,-9999,-9999,-9999,-9999,-9999,-9999,-9999,-9999
   0.0,  14.7,      -1.000,      -1.000,      -1.000,  -1.00,  -1.00,   0.00, 231.16,2014, 8, 7,   2,78381,   0.0,  13.8,      -1.000,      -1.000,      -1.000,  -1.00,  -1.00,   0.00, 232.10,2014, 8, 8,   2,78382,Yarralumla Creek,LGC110,8 08 2014,-9999,-9999,-9999,-9999,-9999,-9999,0.7,0.003,-9999,-9999,0.218,-9999,0.045,0.02,-9999,64,-9999,8,-9999,-9999,-9999,-9999,-9999,-9999,-9999,-9999,-9999,-9999,-9999,-9999,-9999,-9999,-9999,-9999,-9999,-9999,-9999,-9999,-9999,-9999,-9999,-9999,-9999,-9999,-9999,-9999,-9999,-9999,-9999,-9999,-9999,-9999,-9999,-9999,-9999,-9999,-9999,-9999,-9999,-9999,-9999,85,106,250,250,-9999,-9999,-9999
   0.0,  13.8,      -1.000,      -1.000,      -1.000,  -1.00,  -1.00,   0.00, 232.10,2014, 8, 8,   2,78382,   0.2,  13.3,      -1.000,      -1.000,      -1.000,  -1.00,  -1.00,   0.01, 232.81,2014, 8, 9,   2,78383,Yarralumla Creek,MOL200,8 08 2014,-9999,-9999,-9999,-9999,-9999,-9999,0.68,0.001,-9999,-9999,0.164,-9999,0.023,0.002,-9999,4,-9999,4,-9999,-9999,-9999,-9999,-9999,-9999,-9999,-9999,-9999,-9999,-9999,-9999,-9999,-9999,-9999,-9999,-9999,-9999,-9999,-9999,-9999,-9999,-9999,-9999,-9999,-9999,-9999,-9999,-9999,-9999,-9999,-9999,-9999,-9999,-9999,-9999,-9999,-9999,-9999,-9999,-9999,-9999,-9999,4,4,4,4,-9999,-9999,-9999
   0.2,  13.3,      -1.000,      -1.000,      -1.000,  -1.00,  -1.00,   0.01, 232.81,2014, 8, 9,   2,78383,   0.0,  15.5,      -1.000,      -1.000,      -1.000,  -1.00,  -1.00,   0.00, 233.84,2014, 8,10,   2,78384,Yarralumla Creek,YAR110,8 08 2014,-9999,-9999,-9999,-9999,-9999,-9999,2.14,0.002,-9999,-9999,1.04,-9999,0.156,0.061,-9999,100,-9999,21,-9999,-9999,-9999,-9999,-9999,-9999,-9999,-9999,-9999,-9999,-9999,-9999,-9999,-9999,-9999,-9999,-9999,-9999,-9999,-9999,-9999,-9999,-9999,-9999,-9999,-9999,-9999,-9999,-9999,-9999,-9999,-9999,-9999,-9999,-9999,-9999,-9999,-9999,-9999,-9999,-9999,-9999,-9999,100,300,29000,29000,-9999,-9999,-9999
   0.0,  15.5,      -1.000,      -1.000,      -1.000,  -1.00,  -1.00,   0.00, 233.84,2014, 8,10,   2,78384,   0.0,  10.0,      -1.000,      -1.000,      -1.000,  -1.00,  -1.00,   0.00, 234.50,2014, 8,11,   2,78385,Yarralumla Creek,YAR120,8 08 2014,-9999,-9999,-9999,-9999,-9999,-9999,1.81,0.001,-9999,-9999,1.21,-9999,0.062,0.018,-9999,48,-9999,8,-9999,-9999,-9999,-9999,-9999,-9999,-9999,-9999,-9999,-9999,-9999,-9999,-9999,-9999,-9999,-9999,-9999,-9999,-9999,-9999,-9999,-9999,-9999,-9999,-9999,-9999,-9999,-9999,-9999,-9999,-9999,-9999,-9999,-9999,-9999,-9999,-9999,-9999,-9999,-9999,-9999,-9999,-9999,48,48,6800,6800,-9999,-9999,-9999
   0.0,  10.0,      -1.000,      -1.000,      -1.000,  -1.00,  -1.00,   0.00, 234.50,2014, 8,11,   2,78385,   0.0,  13.6,      -1.000,      -1.000,      -1.000,  -1.00,  -1.00,   0.00, 235.39,2014, 8,12,   2,78386,Yarralumla Creek,YAR130,8 08 2014,-9999,-9999,-9999,-9999,-9999,-9999,1.09,0.001,-9999,-9999,0.676,-9999,0.035,0.009,-9999,89,-9999,7,-9999,-9999,-9999,-9999,-9999,-9999,-9999,-9999,-9999,-9999,-9999,-9999,-9999,-9999,-9999,-9999,-9999,-9999,-9999,-9999,-9999,-9999,-9999,-9999,-9999,-9999,-9999,-9999,-9999,-9999,-9999,-9999,-9999,-9999,-9999,-9999,-9999,-9999,-9999,-9999,-9999,-9999,-9999,89,148,320,320,-9999,-9999,-9999
   0.0,  13.6,      -1.000,      -1.000,      -1.000,  -1.00,  -1.00,   0.00, 235.39,2014, 8,12,   2,78386,   0.0,  13.0,      -1.000,      -1.000,      -1.000,  -1.00,  -1.00,   0.00, 236.23,2014, 8,13,   2,78387,Yarralumla Creek,YAR150,8 08 2014,-9999,-9999,-9999,-9999,-9999,-9999,0.96,0.001,-9999,-9999,0.582,-9999,0.016,0.005,-9999,4,-9999,2,-9999,-9999,-9999,-9999,-9999,-9999,-9999,-9999,-9999,-9999,-9999,-9999,-9999,-9999,-9999,-9999,-9999,-9999,-9999,-9999,-9999,-9999,-9999,-9999,-9999,-9999,-9999,-9999,-9999,-9999,-9999,-9999,-9999,-9999,-9999,-9999,-9999,-9999,-9999,-9999,-9999,-9999,-9999,4,4,22,22,-9999,-9999,-9999
   0.0,  13.0,      -1.000,      -1.000,      -1.000,  -1.00,  -1.00,   0.00, 236.23,2014, 8,13,   2,78387,   0.0,  14.8,      -1.000,      -1.000,      -1.000,  -1.00,  -1.00,   0.00, 237.18,2014, 8,14,   2,78388,Yarralumla Creek,YAR160,8 08 2014,-9999,-9999,-9999,-9999,-9999,-9999,0.83,0.003,-9999,-9999,0.512,-9999,0.012,0.003,-9999,1,-9999,1,-9999,-9999,-9999,-9999,-9999,-9999,-9999,-9999,-9999,-9999,-9999,-9999,-9999,-9999,-9999,-9999,-9999,-9999,-9999,-9999,-9999,-9999,-9999,-9999,-9999,-9999,-9999,-9999,-9999,-9999,-9999,-9999,-9999,-9999,-9999,-9999,-9999,-9999,-9999,-9999,-9999,-9999,-9999,1,1,6,6,-9999,-9999,-9999
   0.0,  14.8,      -1.000,      -1.000,      -1.000,  -1.00,  -1.00,   0.00, 237.18,2014, 8,14,   2,78388,   0.0,  15.8,      -1.000,      -1.000,      -1.000,  -1.00,  -1.00,   0.00, 238.18,2014, 8,15,   2,78389,Yarralumla Creek,YAR-41074524,8 08 2014,-9999,-9999,-9999,-9999,-9999,-9999,1.04,0.004,-9999,-9999,0.618,-9999,0.037,0.012,-9999,114,-9999,9,-9999,-9999,-9999,-9999,-9999,-9999,-9999,-9999,-9999,-9999,-9999,-9999,-9999,-9999,-9999,-9999,-9999,-9999,-9999,-9999,-9999,-9999,-9999,-9999,-9999,-9999,-9999,-9999,-9999,-9999,-9999,-9999,-9999,-9999,-9999,-9999,-9999,-9999,-9999,-9999,-9999,-9999,-9999,142,142,500,500,-9999,-9999,-9999
   0.0,  15.8,      -1.000,      -1.000,      -1.000,  -1.00,  -1.00,   0.00, 238.18,2014, 8,15,   2,78389,   0.0,  14.2,      -1.000,      -1.000,      -1.000,  -1.00,  -1.00,   0.00, 239.07,2014, 8,16,   2,78390,Yarralumla Creek,YAR-41074626,8 08 2014,-9999,-9999,-9999,-9999,-9999,-9999,3.84,1.04,-9999,-9999,1.29,-9999,0.328,0.138,-9999,56000,-9999,20,-9999,-9999,-9999,-9999,-9999,-9999,-9999,-9999,-9999,-9999,-9999,-9999,-9999,-9999,-9999,-9999,-9999,-9999,-9999,-9999,-9999,-9999,-9999,-9999,-9999,-9999,-9999,-9999,-9999,-9999,-9999,-9999,-9999,-9999,-9999,-9999,-9999,-9999,-9999,-9999,-9999,-9999,-9999,56000,56000,24000,24000,-9999,-9999,-9999
